"1.1a  Bevolking buurten, 1 januari 2014-2018",,,,,,,
,,,,,2018,,
buurt,2014,2015,2016,2017,totaal,mannen,vrouwen
A00a Kop Zeedijk,1024,1006,1022,1024,1032,607,425
A00b Oude Kerk e.o.,644,670,673,664,689,393,296
A00c Burgwallen Oost,1526,1571,1616,1580,1589,860,729
A00d Nes e.o.,392,406,372,360,361,186,175
A00e BG-terrein e.o.,608,609,607,618,635,351,284
A01a Stationsplein e.o.,1,1,2,3,5,2,3
A01b Hemelrijk,523,530,515,533,539,297,242
A01c Nieuwendijk Noord,423,449,435,457,453,278,175
A01d Spuistraat Noord,762,786,823,799,798,440,358
A01e Nieuwe Kerk e.o.,748,797,821,833,808,450,358
A01f Spuistraat Zuid,936,928,692,672,654,359,295
A01g Begijnhofbuurt,426,413,416,413,424,180,244
A01h Kalverdriehoek,284,295,277,281,253,151,102
A02a Langestraat e.o.,1843,1827,1826,1838,1862,977,885
A02b Leliegracht e.o.,1765,1785,1798,1753,1757,929,828
A02c Felix Meritisbuurt,2126,2142,2167,2100,2086,1094,992
A02d Leidsegracht Noord,662,675,692,680,681,377,304
A03a Spiegelbuurt,810,815,828,810,815,451,364
A03b Gouden Bocht,143,157,156,141,134,78,56
A03c Van Loonbuurt,1415,1426,1432,1462,1423,729,694
A03d Amstelveldbuurt,1571,1524,1534,1498,1505,776,729
A03e Rembrandtpleinbuurt,468,487,518,513,477,272,205
A03f Reguliersbuurt,382,348,365,378,362,217,145
A03g Leidsegracht Zuid,605,631,622,605,639,375,264
A04a Oosterdokseiland,404,443,469,465,479,281,198
A04b Scheepvaarthuisbuurt,722,712,728,732,754,376,378
A04c Rapenburg,1035,982,1017,1032,1083,513,570
A04d Lastage,1045,1069,1067,1086,1073,554,519
A04e Nieuwmarkt,1654,1642,1625,1623,1634,802,832
A04f Uilenburg,1072,1116,1145,1152,1171,620,551
A04g Valkenburg,1150,1180,1161,1177,1173,607,566
A04h Zuiderkerkbuurt,1488,1513,1516,1503,1518,869,649
A04i Waterloopleinbuurt,873,882,890,879,895,471,424
A05a Westerdokseiland,1990,1976,1959,1926,1905,977,928
A05b Haarlemmerbuurt Oost,1527,1522,1486,1443,1463,720,743
A05c Haarlemmerbuurt West,2429,2474,2483,2501,2492,1257,1235
A05d Westelijke Eilanden,2862,2817,2876,2902,2951,1441,1510
A05f Planciusbuurt Noord,345,339,345,363,357,180,177
A05g Planciusbuurt Zuid,167,166,165,169,150,82,68
A06a Driehoekbuurt,2752,2776,2760,2678,2718,1339,1379
A06c Bloemgrachtbuurt,2954,2981,3001,2992,2980,1478,1502
A06d Marnixbuurt Noord,1497,1488,1482,1498,1498,732,766
A06e Zaagpoortbuurt,838,882,845,877,907,505,402
A06f Marnixbuurt Midden,207,204,200,201,205,105,100
A06g Elandsgrachtbuurt,4291,4276,4310,4257,4327,2191,2136
A06h Passeerdersgrachtbuurt,890,889,903,881,858,440,418
A06i Groenmarktkadebuurt,362,318,191,176,204,105,99
A06j Marnixbuurt Zuid,499,494,621,646,656,372,284
A06k Anjeliersbuurt Noord,2119,2165,2161,2153,2106,1069,1037
A06l Anjeliersbuurt Zuid,2934,2928,2934,2957,2983,1497,1486
A07a Leidsebuurt Noordwest,279,273,269,259,251,138,113
A07b Leidsebuurt Zuidwest,146,149,153,125,156,76,80
A07c Leidsebuurt Noordoost,953,969,968,965,967,498,469
A07d Leidsebuurt Zuidoost,308,321,323,313,314,172,142
A07e Weteringbuurt,2411,2417,2418,2418,2413,1195,1218
A07f Den Texbuurt,1079,1076,1085,1090,1092,591,501
A07g Utrechtsebuurt Zuid,1186,1186,1184,1180,1150,602,548
A07h Frederikspleinbuurt,937,966,952,906,895,463,432
A08a Weesperbuurt,3259,3263,3291,3247,3287,1704,1583
A08b Sarphatistrook,2105,2068,2179,2262,2232,1234,998
A08d de Plantage,2165,2117,2077,1985,1961,986,975
A08e Alexanderplein e.o.,402,397,396,400,392,208,184
A09a Marine-Etablissement,56,60,63,71,82,47,35
A09b Kattenburg,1701,1705,1703,1682,1703,793,910
A09c Wittenburg,2211,2225,2211,2197,2193,1121,1072
A09d Oostenburg,1553,1553,1557,1625,1732,888,844
A09e Czaar Peterbuurt,2039,2033,1973,2230,2320,1184,1136
A09f Het Funen,1339,1393,1367,1378,1388,699,689
A09h Kazernebuurt,966,936,962,977,952,453,499
A09i Kadijken,2811,2799,2819,2828,2850,1431,1419
B10a Coenhaven/Mercuriushaven,18,18,22,21,24,13,11
B10b Alfa-driehoek,3,5,13,11,15,13,2
B10c Petroleumhaven,23,23,15,3,1,1,-
B10d Westhaven Noord,24,23,22,20,20,13,7
B10e Vervoerscentrum,-,-,1,4,8,4,4
B10f Amerikahaven,160,116,111,113,109,71,38
B10g Afrikahaven,8,9,7,7,6,4,2
B10h Westhaven Zuid,6,8,9,13,15,9,6
E12a Houthavens West,928,952,390,402,456,240,216
E12b Houthavens Oost,657,650,654,663,662,347,315
E13a Zeeheldenbuurt,2000,1987,2058,2090,2038,982,1056
E13b Spaarndammerbuurt Noordoost,2755,2762,2772,2750,2778,1389,1389
E13c Spaarndammerbuurt Zuidoost,980,1008,1045,1021,1026,501,525
E13d Spaarndammerbuurt Zuidwest,1716,1750,1758,1739,1696,849,847
E13e Spaarndammerbuurt Midden,1298,1275,1235,1158,1228,628,600
E13f Spaarndammerbuurt Noordwest,1907,1951,2007,2011,2009,1003,1006
E13g Westergasfabriek,-,-,-,-,-,-,-
E13h Overbraker Binnenpolder,39,28,13,32,7,3,4
E14a De Wittenbuurt Noord,1360,1379,1388,1396,1392,695,697
E14b De Wittenbuurt Zuid,893,890,899,909,916,447,469
E14c Staatsliedenbuurt Noordoost,1227,1236,1216,1246,1246,630,616
E14d Fannius Scholtenbuurt,3635,3639,3686,3711,3730,1885,1845
E14e Westerstaatsman,2819,2849,2829,2862,2893,1442,1451
E14f Buyskade e.o.,2820,3063,3169,3144,3138,1575,1563
E15a Ecowijk,1394,1392,1354,1351,1346,639,707
E15b Markthallen,87,79,75,17,14,8,6
E15c Bedrijvencentrum Westerkwartier,66,63,67,70,69,38,31
E15d Marcanti,990,1000,1005,1014,999,489,510
E16a Frederik Hendrikbuurt Noord,3705,3826,3875,3855,3899,1895,2004
E16b Frederik Hendrikbuurt Zuidoost,3192,3285,3345,3293,3301,1754,1547
E16c Frederik Hendrikbuurt Zuidwest,1246,1266,1276,1266,1241,584,657
E17a Da Costabuurt Noord,4659,4661,4688,4742,4705,2358,2347
E18a Bellamybuurt Noord,2922,2985,2823,2799,2828,1496,1332
E18b Bellamybuurt Zuid,3207,3223,3535,3592,3764,1853,1911
E19a Da Costabuurt Zuid,2238,2281,2241,2205,2226,1175,1051
E19b Borgerbuurt,2905,2910,2889,2857,2887,1376,1511
E19c Lootsbuurt,1934,1940,1948,1923,1877,935,942
E20a Helmersbuurt Oost,2633,2684,2714,2666,2624,1257,1367
E20b WG-terrein,2566,2561,2538,2534,2517,1230,1287
E20c Cremerbuurt Oost,2275,2282,2254,2270,2270,1104,1166
E21a Cremerbuurt West,5573,5575,5621,5674,5682,2793,2889
E21b Vondelparkbuurt West,2147,2172,2167,2133,2209,1043,1166
E22a Vondelparkbuurt Oost,959,975,937,935,937,492,445
E22b Vondelparkbuurt Midden,905,923,931,962,925,454,471
E36a Woon- en groengebied Sloterdijk,102,399,415,432,421,227,194
E36b Bedrijventerrein Sloterdijk I,94,104,100,97,86,67,19
E37a Bedrijventerrein Landlust,246,303,308,307,502,258,244
E37c Bosleeuw,5567,5594,5882,5832,5734,2755,2979
E37d Landlust Zuid,4116,4165,4141,3983,3810,1905,1905
E37e Erasmusparkbuurt Oost,1957,1993,2021,2000,1964,980,984
E37f Gibraltarbuurt,4139,4166,4245,4187,4243,2159,2084
E37g Landlust Noord,2553,2521,2485,2343,2318,1138,1180
E38c Erasmusparkbuurt West,4011,4102,4085,4000,4051,1954,2097
E38d Robert Scottbuurt Oost,1764,1796,1806,1765,1799,874,925
E39a Robert Scottbuurt West,1792,1764,2123,2129,2118,995,1123
E39b Laan van Spartaan,1275,1357,1387,1765,2102,1031,1071
E39c Kolenkitbuurt Zuid,2332,2115,2192,2154,2138,1066,1072
E39d Kolenkitbuurt Noord,3894,3984,3875,3870,3723,1895,1828
E40a Geuzenhofbuurt,1706,1677,1683,1683,1682,786,896
E40b Trompbuurt,3193,3202,3244,3285,3295,1568,1727
E40c Pieter van der Doesbuurt,1876,1872,1913,1967,1926,983,943
E41a John Franklinbuurt,1912,1950,1940,1932,1934,945,989
E41b Jan Maijenbuurt,2331,2299,2301,2288,2256,1071,1185
E41c Orteliusbuurt Noord,1407,1381,1409,1389,1393,690,703
E41d Mercatorpark,1019,1119,1342,1368,1575,1184,391
E42a Balboaplein e.o.,3118,3170,3148,3161,3119,1552,1567
E42b Columbusplein e.o.,3563,3549,3585,3601,3491,1795,1696
E42c Orteliusbuurt Midden,1864,1858,1913,1951,1942,939,1003
E42d Orteliusbuurt Zuid,1837,1863,1835,1906,1860,888,972
E43a Paramariboplein e.o.,3668,3780,3825,3884,3879,1869,2010
E43b Postjeskade e.o.,2936,3013,3113,3060,3071,1475,1596
E75a Kortenaerkwartier,2190,2242,2256,2207,2239,1131,1108
E75b Filips van Almondekwartier,1105,1101,1104,1130,1104,560,544
E75c De Wester Quartier,1827,1836,1829,1825,1839,900,939
E75d Van Brakelkwartier,1067,1055,1057,1049,1061,472,589
F11a Sloterdijk II,17,11,9,19,23,14,9
F11c Sloterdijk III Oost,-,-,-,1,2,2,-
F11d Sloterdijk III West,22,29,35,47,77,59,18
F11e De Heining,29,28,27,27,28,17,11
F11f Teleport,19,33,32,52,393,256,137
F11h Bretten Oost,3,2,1,1,2,2,-
F11j Bretten West,2,1,2,2,-,-,-
F76a Buurt 3,6104,6135,6095,6019,6056,3123,2933
F76b Buurt 2,3347,3334,3379,3391,3243,1691,1552
F77a Slotermeer Zuid,3376,3399,3381,3409,3410,1833,1577
F77b Noordoever Sloterplas,2798,2800,2806,2805,3196,1578,1618
F77c Buurt 4 Oost,3387,3487,3586,3621,3703,1875,1828
F77d Buurt 5  Noord,3729,3757,3801,3809,3779,1917,1862
F77e Sloterpark,-,-,-,-,-,-,-
F77f Buurt 5 Zuid,3303,3572,3716,3733,3875,1950,1925
F78a Buurt 6,3174,3196,3175,3115,3016,1507,1509
F78b Buurt 7,2106,2093,2231,2434,2594,1317,1277
F78c Buurt 8,3756,3841,4042,4049,3854,1913,1941
F78d Buurt 9,5083,5667,5791,5886,5943,2999,2944
F78e Eendrachtspark,249,244,239,243,303,178,125
F79a Osdorper Binnenpolder,25,29,31,31,29,19,10
F79b Buurt 10,2312,2300,2361,2430,2414,1193,1221
F80a Ookmeer,6,7,5,14,10,9,1
F80b Osdorper Bovenpolder,801,805,808,805,795,400,395
F80c Bedrijvenpark Lutkemeer,43,35,37,48,63,38,25
F81a Wildeman,4851,4891,4987,4966,5010,2446,2564
F81b Meer en Oever,3065,3127,3140,3095,3136,1593,1543
F81c Osdorpplein e.o.,3067,2866,2768,2883,2970,1448,1522
F81d Calandlaan/Lelylaan,1202,1203,1246,1249,1247,642,605
F81e Osdorp Zuidoost,3662,3669,3789,3923,3945,1861,2084
F82a Osdorp Midden Noord,3000,3240,3199,3271,3196,1483,1713
F82b Osdorp Midden Zuid,3219,3318,3383,3389,3437,1676,1761
F82c Zuidwestkwadrant Osdorp Noord,3064,3132,3126,3131,3192,1563,1629
F82d Zuidwestkwadrant Osdorp Zuid,5872,6053,6175,6218,6237,3122,3115
F83a De Punt,5169,5415,5813,5916,5959,3044,2915
F83b Bedrijvencentrum Osdorp,83,79,84,81,115,104,11
F84a Middelveldsche Akerpolder,3699,3722,3767,3821,3897,1882,2015
F84b De Aker West,4650,4627,4624,4573,4587,2290,2297
F84c De Aker Oost,6031,6054,6097,6051,6052,3003,3049
F85a Oostoever Sloterplas,2518,2532,2544,2501,2479,1214,1265
F85b Emanuel van Meterenbuurt,2097,2157,2153,2167,2241,1082,1159
F85c Jacob Geelbuurt,3298,3296,3293,3229,3279,1698,1581
F86a Overtoomse Veld Noord,5439,5651,5982,6057,5941,2931,3010
F86b Overtoomse Veld Zuid,2795,2830,2842,2968,3974,1916,2058
F86c Rembrandtpark Noord,962,1043,1038,973,957,462,495
F86d Rembrandtpark Zuid,803,831,790,818,834,427,407
F86e Johan Jongkindbuurt,834,828,835,792,769,357,412
F86f Lucas/Andreasziekenhuis e.o.,433,521,652,720,898,437,461
F87a Koningin Wilhelminaplein,1868,1885,2194,2237,2291,1302,989
F87b Andreasterrein,1236,1286,1320,1301,1308,637,671
F87c Delflandpleinbuurt Oost,1447,1427,1458,1497,1529,856,673
F87d Delflandpleinbuurt West,2621,2839,2843,3083,3421,1737,1684
F87e Riekerhaven,-,6,11,575,569,373,196
F87f Schipluidenbuurt,11,5,11,13,942,414,528
F88a Riekerpolder,52,37,94,61,73,42,31
F88b Park Haagseweg,873,861,857,923,936,479,457
F88c Nieuwe Meer,181,188,178,173,164,98,66
F88d Sloterweg e.o.,242,250,255,263,256,113,143
F88e Nieuw Sloten Noordwest,3201,3161,3198,3164,3139,1523,1616
F88f Nieuw Sloten Noordoost,3124,3106,3123,3148,3155,1554,1601
F88g BelgiÃ«plein e.o.,1055,1058,1063,1047,1059,495,564
F88h Nieuw Sloten Zuidwest,2406,2401,2383,2368,2365,1162,1203
F88i Nieuw Sloten Zuidoost,2064,2086,2123,2154,2143,1082,1061
F88j Dorp Sloten,700,698,703,693,715,367,348
F89a Louis Chrispijnbuurt,2838,2832,2962,3162,3242,1530,1712
F89b Jacques Veldmanbuurt,3025,3080,3118,3540,3601,1717,1884
F89c Staalmanbuurt,2880,2991,2835,2782,2868,1385,1483
F89d Medisch Centrum Slotervaart,761,714,751,710,845,435,410
K23a Zuidas Noord,86,123,146,143,450,255,195
K23b RAI,-,-,-,-,-,-,-
K23c VU-kwartier,91,108,147,150,162,92,70
K23d Zuidas Zuid,719,889,1018,1524,2107,1225,882
K23e Vivaldi,123,160,945,983,984,481,503
K24a Hemonybuurt,2570,2604,2602,2574,2571,1311,1260
K24b Gerard Doubuurt,1958,1988,1991,1948,1992,1018,974
K24c Frans Halsbuurt,2601,2607,2581,2571,2621,1304,1317
K24d Hercules Seghersbuurt,2576,2607,2584,2579,2582,1307,1275
K24e Sarphatiparkbuurt,5119,5171,5113,5039,5061,2582,2479
K25a Willibrordusbuurt,2518,2449,2586,2557,2512,1180,1332
K25b Van der Helstpleinbuurt,3724,3797,3841,3815,3880,1954,1926
K25c Lizzy Ansinghbuurt,2368,2441,2437,2386,2418,1148,1270
K25d Cornelis Troostbuurt,3489,3560,3542,3548,3518,1693,1825
K26a Diamantbuurt,3113,3128,3161,3136,3126,1509,1617
K26b Burgemeester Tellegenbuurt Oost,2864,2865,2844,2851,2829,1310,1519
K26c Burgemeester Tellegenbuurt West,2220,2244,2271,2267,2251,1076,1175
K44a Surinamepleinbuurt,1398,1468,1553,1541,1543,662,881
K44b Westlandgrachtbuurt,3467,3513,3569,3619,3597,1690,1907
K44c Aalsmeerwegbuurt West,2493,2456,2493,2501,2535,1170,1365
K44d Aalsmeerwegbuurt Oost,2220,2264,2229,2192,2197,1038,1159
K44e Legmeerpleinbuurt,1597,1628,1639,1656,1701,794,907
K44f Bedrijventerrein Schinkel,193,210,284,344,263,134,129
K45a Schinkelbuurt Noord,2316,2358,2349,2340,2353,1125,1228
K45b Schinkelbuurt Zuid,1419,1443,1495,1497,1473,695,778
K46a Valeriusbuurt Oost,1394,1447,1452,1371,1362,687,675
K46b Valeriusbuurt West,2627,2648,2582,2533,2561,1248,1313
K46c Willemsparkbuurt Noord,1594,1603,1613,1634,1580,778,802
K46d Vondelpark West,-,-,-,-,-,-,-
K47a Johannnes Vermeerbuurt,1519,1499,1517,1482,1471,712,759
K47b P.C. Hooftbuurt,852,822,797,754,768,389,379
K47c Concertgebouwbuurt,1891,1908,1905,1896,1853,919,934
K47d Cornelis Schuytbuurt,3046,2975,2989,3025,2914,1452,1462
K47e Banpleinbuurt,840,823,838,822,819,388,431
K47f Hondecoeterbuurt,2047,2102,2063,2090,2028,963,1065
K47g Harmoniehofbuurt,1362,1377,1398,1390,1377,629,748
K47h Museumplein,6,8,7,7,7,6,1
K47i Vondelpark Oost,3,3,1,1,4,3,1
K47j Duivelseiland,1329,1366,1351,1374,1387,687,700
K48a Bertelmanpleinbuurt,1119,1108,1092,1109,1085,497,588
K48b Marathonbuurt Oost,1366,1452,1485,1499,1480,705,775
K48c Marathonbuurt West,2347,2377,2426,2418,2413,1149,1264
K48d Olympisch Stadion e.o.,2103,2180,2161,2280,2265,1058,1207
K48e IJsbaanpad e.o.,356,378,374,396,405,203,202
K48f Van Tuyllbuurt,4080,4077,4108,4104,4150,1893,2257
K49a Diepenbrockbuurt,764,764,783,777,804,384,420
K49b Beethovenbuurt,1237,1228,1262,1238,1223,574,649
K49c Hiltonbuurt,82,80,82,82,89,42,47
K49d Minervabuurt Noord,1473,1403,1439,1450,1437,689,748
K49e Minervabuurt Midden,2463,2525,2489,2475,2446,1136,1310
K49f Minervabuurt Zuid,2628,2644,2709,2669,2645,1260,1385
K52a Wielingenbuurt,3004,3025,3069,3097,3059,1391,1668
K52b Scheldebuurt West,4357,4436,4391,4437,4416,2031,2385
K52c Scheldebuurt Midden,3287,3308,3320,3242,3202,1460,1742
K52d Scheldebuurt Oost,2307,2362,2364,2397,2382,1094,1288
K52g Veluwebuurt,1476,1487,1511,1461,1491,693,798
K52h Kop Zuidas,110,100,97,454,569,277,292
K53a IJselbuurt West,2319,2287,2364,2399,2424,1166,1258
K53b IJselbuurt Oost,2902,2924,2996,2974,2963,1410,1553
K54a Kromme Mijdrechtbuurt,2554,2500,2538,2522,2493,1166,1327
K54b Rijnbuurt Oost,2719,2738,2737,2741,2754,1308,1446
K54c Rijnbuurt Midden,2123,2170,2161,2180,2182,999,1183
K54d Rijnbuurt West,1628,1602,1646,1696,1690,810,880
K54e Zorgvlied,44,50,46,44,47,25,22
K59a Prinses Irenebuurt,1236,1279,1318,1313,1336,613,723
K59b Beatrixpark,-,-,-,-,-,-,-
K90a Gelderlandpleinbuurt,4024,4122,4150,4452,4558,2092,2466
K90c Buitenveldert Midden Zuid,3616,3580,3572,3606,3714,1773,1941
K90d Buitenveldert Zuidwest,3810,3895,3911,3961,4021,1876,2145
K90e Amsterdamse Bos,71,73,70,69,73,35,38
K90i Buitenveldert West Midden,955,987,985,975,995,468,527
K90j Zuiderhof,11,5,9,11,11,6,5
K91a De Klenckebuurt,670,682,670,688,775,349,426
K91b Buitenveldert Oost Midden,3117,3124,3142,3185,3215,1522,1693
K91c Buitenveldert Zuidoost,3403,3814,3837,3879,3867,1848,2019
K91d Amstelpark,10,10,11,12,12,8,4
M27a Swammerdambuurt,1911,1900,1888,1916,1970,1004,966
M27b Weesperzijde Midden/Zuid,2771,2897,2953,2995,3044,1541,1503
M27c Parooldriehoek,210,193,384,518,522,237,285
M28a Oosterparkbuurt Noordwest,3743,3878,3953,3941,3916,1925,1991
M28b Oosterpark,124,122,120,123,127,65,62
M28c Oosterparkbuurt Zuidoost,3692,3739,3732,3747,3766,1864,1902
M28d Oosterparkbuurt Zuidwest,2911,3057,3152,3095,3087,1575,1512
M29a Dapperbuurt Noord,4137,4193,4183,4320,4353,2129,2224
M29b Dapperbuurt Zuid,3663,3644,3685,3710,3820,1899,1921
M29c Oostpoort,608,1107,1387,1725,1896,941,955
M30a Transvaalbuurt West,4110,4118,4109,4116,4143,2040,2103
M30b Transvaalbuurt Oost,4953,4997,5317,5297,5202,2549,2653
M31a Noordwestkwadrant Indische Buurt Noord,4090,4063,3945,3844,3776,1950,1826
M31b Noordwestkwadrant Indische Buurt Zuid,4488,4480,4493,4695,4722,2340,2382
M31c Zuidwestkwadrant Indische Buurt,4154,4125,4152,4129,4159,2086,2073
M32a Noordoostkwadrant Indische Buurt,5768,5818,6119,6034,6065,3045,3020
M32b Zuidoostkwadrant Indische Buurt,3792,3848,3767,3746,3680,1848,1832
M32c Zeeburgerdijk Oost,470,469,473,463,455,226,229
M32d Flevopark,14,21,20,21,18,10,8
M33a Oostelijke Handelskade,1388,1391,1485,1454,1472,788,684
M33b Rietlanden,2228,2243,2252,2503,2492,1235,1257
M33c Java-eiland,3260,3217,3207,3216,3137,1552,1585
M33d KNSM-eiland,2485,2422,2434,2429,2397,1257,1140
M33e Sporenburg,2673,2678,2667,2657,2641,1304,1337
M33f Borneo,2888,2850,2888,2891,2874,1424,1450
M33g Entrepot-Noordwest,1544,1547,1531,1485,1463,727,736
M33h Architectenbuurt,1835,1806,1836,1811,1772,892,880
M33i Bedrijvengebied Veelaan,42,36,37,40,39,16,23
M33j Bedrijvengebied Cruquiusweg,20,20,16,18,114,70,44
M33k Bedrijvengebied Zeeburgerkade,146,148,142,142,151,77,74
M34a Zeeburgereiland Noordwest,25,17,22,25,25,13,12
M34c Zeeburgereiland Zuidoost,364,370,404,522,503,232,271
M34d Zeeburgereiland Zuidwest,350,332,322,321,316,169,147
M34e Nieuwe Diep/Diemerpark,78,84,72,78,71,41,30
M34f RI Oost terrein,17,186,384,1232,2225,1146,1079
M34g Zeeburgereiland Noordoost,-,-,-,-,1,1,-
M35a Steigereiland Noord,1374,1443,1489,1481,1437,728,709
M35b Steigereiland Zuid,2629,2624,2612,2616,2671,1355,1316
M35c Haveneiland Zuidwest/Rieteiland West,2832,2841,2891,2877,2819,1429,1390
M35e Haveneiland Noordwest,2380,2416,2484,2478,2512,1232,1280
M35f Haveneiland Noordoost,4944,4910,4955,5079,5384,2654,2730
M50a Strandeiland,-,-,-,-,-,-,-
M50b Middeneiland Zuidoost,-,-,-,-,-,-,-
M50c Middeneiland Noordoost,-,-,-,-,-,-,-
M50d Middeneiland Zuidwest,-,-,-,-,-,-,-
M50e Middeneiland Noordwest,-,-,-,-,-,-,-
M50f Buiteneiland,-,-,-,-,-,-,-
M50g Centrumeiland,-,-,-,-,-,-,-
M51a Rieteiland Oost,121,122,128,165,268,125,143
M51b Haveneiland Oost,4698,4864,5110,5684,6017,2931,3086
M51c Haveneiland Noord,1753,1772,1771,1817,1813,841,972
M55b De Eenhoorn,1429,1979,2377,2430,2422,1269,1153
M55c Julianapark,829,812,821,807,779,397,382
M55d Don Bosco,1985,1962,2091,2122,2151,1082,1069
M55e Frankendael,17,16,15,15,12,3,9
M55f Tuindorp Amstelstation,846,830,812,827,831,385,446
M55g De Wetbuurt,1812,1833,1863,1849,1850,844,1006
M55h Tuindorp Frankendael,2372,2396,2476,2470,2200,1112,1088
M55i Van der Kunbuurt,568,542,549,552,562,287,275
M56a Linnaeusparkbuurt,2537,2528,2542,2570,2577,1268,1309
M56b Middenmeer Noord,2986,3018,3001,3026,2998,1399,1599
M56c Middenmeer Zuid,5103,5158,5201,5181,5154,2460,2694
M56d Sportpark Middenmeer Zuid,310,312,301,306,302,133,169
M56e Sportpark Middenmeer Noord,1,2,2,2,2,1,1
M56f Park De Meer,1672,1669,1666,1660,1645,789,856
M56g Sportpark Voorland,-,-,-,-,-,-,-
M56h Science Park Noord,2266,2486,2550,2787,2743,1270,1473
M56i Science Park Zuid,45,41,45,45,34,19,15
M57a Betondorp,3141,3170,3209,3228,3247,1513,1734
M57b Nieuwe Oosterbegraafplaats,6,6,6,6,6,4,2
M57c Drieburg,-,-,-,-,-,-,-
M58b Weespertrekvaart,1213,1245,1266,1584,1416,790,626
M58e Amstelglorie,78,80,88,79,80,43,37
M58f Overamstel,40,42,44,40,40,23,17
M58g Amstelkwartier Noord,371,716,1188,1382,1747,880,867
M58h De Omval,744,737,738,737,729,384,345
M58i Amstelkwartier Zuid,28,32,34,31,30,17,13
M58j Amstelkwartier West,75,70,565,575,562,274,288
N60a Van der Pekbuurt,4835,4866,4803,4869,4957,2438,2519
N60b Bloemenbuurt Zuid,2368,2416,2423,2476,2437,1198,1239
N60c Bloemenbuurt Noord,2386,2397,2429,2386,2366,1185,1181
N61a IJplein e.o.,2533,2509,2543,2520,2490,1307,1183
N61b Vogelbuurt Zuid,4302,4315,4309,4339,4322,2120,2202
N61c Vogelbuurt Noord,1268,1295,1279,1293,1272,644,628
N61d Vliegenbos,103,107,115,137,172,96,76
N62a Tuindorp Nieuwendam West,1048,1051,1066,1078,1044,482,562
N62b Tuindorp Nieuwendam Oost,2406,2448,2454,2461,2484,1166,1318
N63a Blauwe Zand,1847,1871,1866,1925,1910,933,977
N64a Buiksloterdijk West,155,152,157,154,146,68,78
N64b Buiksloterdijk Oost,129,123,126,120,127,59,68
N64c Nieuwendammerdijk West,1057,1055,1064,1060,1055,528,527
N64d Nieuwendammerdijk Oost,342,340,336,344,360,179,181
N64e Nieuwendammerdijk Zuid,10,9,7,7,7,4,3
N65a Tuindorp Oostzaan West,1141,1145,1172,1175,1180,535,645
N65b Tuindorp Oostzaan Oost,4179,4195,4184,4201,4224,1938,2286
N65c Terrasdorp,3947,3922,3980,3977,3982,1994,1988
N65d De Bongerd,1431,1614,1832,1995,2145,1078,1067
N66b Oostzanerdijk,370,370,358,407,404,197,207
N66c Walvisbuurt,1479,1449,1420,1432,1438,709,729
N66d Twiske West,2474,2452,2468,2462,2433,1223,1210
N66e Noorder IJplas,139,136,131,137,145,79,66
N66f Molenwijk,2956,2992,3017,3092,3129,1444,1685
N66g Circus/Kermisbuurt,1309,1340,1370,1372,1344,676,668
N67a Kadoelen,1715,1741,1916,1943,2002,955,1047
N67b Twiske Oost,1120,1102,1120,1131,1116,541,575
N68a Baanakkerspark Noord,589,581,601,577,580,290,290
N68b Baanakkerspark Zuid,446,432,449,464,459,227,232
N68c Werengouw Midden,4821,4935,4961,4990,5007,2438,2569
N68d Markengouw Midden,3692,3760,3901,3728,3434,1697,1737
N68e Markengouw Zuid,1784,1745,1786,1882,2059,1019,1040
N68f Werengouw Zuid,1581,1602,1613,1634,1640,774,866
N69a Rode Kruisbuurt,234,237,230,227,222,106,116
N69c Loenermark,1564,1517,1550,1522,1519,755,764
N69j Buikslotermeerplein,965,965,972,990,997,474,523
N69k Plan van Gool,2863,2774,2870,3070,3126,1515,1611
N69l De Kleine Wereld,2842,2848,2844,2848,2820,1348,1472
N69m Buikslotermeer Noord,2479,2478,2490,2464,2489,1164,1325
N70a Banne Zuidwest,3458,3622,3754,3750,3710,1722,1988
N70b Banne Zuidoost,3143,3318,3452,3586,3603,1833,1770
N70c Banne Noordwest,2649,2625,2630,2641,2641,1281,1360
N70d Banne Noordoost,3634,3599,3648,3672,3651,1811,1840
N70e Buiksloterbreek,326,322,329,328,332,170,162
N70f Marjoleinterrein,347,354,373,390,372,189,183
N71c Papaverweg e.o.,182,221,301,632,876,487,389
N71e Cornelis Douwesterrein,17,18,23,2,1,1,-
N71f NDSM terrein,414,414,408,774,1174,599,575
N71g Buiksloterham,23,28,31,40,182,93,89
N71h Overhoeks,704,843,929,1098,1361,717,644
N72a Bedrijventerrein Hamerstraat,98,123,143,175,280,176,104
N72b Zamenhofstraat e.o.,4,5,6,12,13,9,4
N72c Bedrijventerrein Nieuwendammerdijk,14,14,15,21,23,13,10
N73a Schellingwoude West,66,69,74,77,68,36,32
N73b Schellingwoude Oost,593,600,604,595,606,294,312
N73c Schellingwoude Noord,6,6,6,6,6,3,3
N73d Durgerdam,491,498,504,493,496,259,237
N73e Zwarte Gouw,13,13,12,11,24,14,10
N73f Ransdorp,286,287,291,299,307,150,157
N73g Holysloot,269,269,265,264,270,141,129
N73h Zunderdorp,429,422,432,432,474,245,229
N73i Noorderstrook West,16,17,15,16,18,9,9
N73j Noorderstrook Oost,3,3,8,8,8,6,2
N74a Nintemanterrein,114,111,110,109,110,65,45
N74b Elzenhagen Zuid,5,263,257,260,257,142,115
N74c Elzenhagen Noord,1693,1974,2085,2186,2369,1167,1202
T92a Hoofdcentrum Zuidoost,6,9,18,34,16,13,3
T92b Amstel III deel A/B Noord,92,124,95,81,108,73,35
T92c Amstel III deel C/D Noord,11,6,23,34,51,33,18
T92d Amstel III deel A/B Zuid,6,2,152,383,395,165,230
T92e Amstel III deel C/D Zuid,2,3,5,4,5,4,1
T92f AMC,13,42,46,41,38,32,6
T92g Hoge Dijk,113,94,99,89,101,57,44
T93a Venserpolder West,5136,5186,5263,5217,5222,2750,2472
T93b Venserpolder Oost,3322,3355,3382,3438,3428,1810,1618
T93c D-buurt,1395,1443,2000,2063,2029,946,1083
T93d F-buurt,3820,3831,3846,3826,3794,1850,1944
T93e Amsterdamse Poort,1355,1344,1432,1540,1565,825,740
T93f Hoptille,1293,1316,1364,1687,1631,829,802
T93g Rechte H-buurt,3109,3131,3137,3137,3112,1525,1587
T93h Hakfort/Huigenbos,2619,2651,2620,2551,2556,1278,1278
T93i Huntum,193,204,202,204,205,100,105
T93j Vogeltjeswei,701,710,735,734,752,381,371
T93k Nelson Mandelapark,-,-,-,-,-,-,-
T94a E-buurt,1577,1555,1552,2012,2108,1034,1074
T94b G-buurt West,3729,3692,3737,3748,3766,1881,1885
T94c Bijlmermuseum Noord,2263,2265,2288,2256,2288,1077,1211
T94d Kortvoort,2551,2600,2609,2668,2624,1258,1366
T94e Kelbergen,1011,962,950,948,1004,509,495
T94f K-buurt Midden,2096,2066,2090,2342,2370,1229,1141
T94g K-buurt Zuidoost,868,913,932,964,1037,502,535
T94h K-buurt Zuidwest,1461,1450,1462,1491,1473,727,746
T94i Grunder/Koningshoef,1770,1776,1736,1759,1753,836,917
T94j G-buurt Oost,3131,3122,3162,3142,3135,1692,1443
T94k Kantershof,2150,2199,2170,2196,2208,1144,1064
T94l Gooise Kant,-,-,-,56,144,74,70
T94m G-buurt Noord,1799,1834,1852,1826,1822,980,842
T94n Bijlmermuseum Zuid,2142,2353,2720,3083,3116,1510,1606
T95a L-buurt,2928,2935,2935,2921,2874,1497,1377
T95b Gaasperpark,35,33,35,30,25,13,12
T95c Gaasperplas,35,40,42,39,38,19,19
T96a Holendrecht Noordwest,2923,2901,2938,2923,2918,1311,1607
T96b Reigersbos Noord,4403,4408,4387,4386,4370,1968,2402
T96c Holendrecht Oost,2465,2436,2467,2493,2480,1230,1250
T96d Gaasperdam Noord,2001,2040,2054,2026,2030,1024,1006
T96e Gaasperdam Zuid,1530,1522,1525,1512,1452,705,747
T96f Reigersbos Midden,2433,2451,2425,2455,2475,1207,1268
T96g Reigersbos Zuid,2500,2513,2524,2513,2547,1241,1306
T97a Gein Noordwest,3036,3085,3101,3016,2929,1450,1479
T97b Gein Zuidwest,1682,1649,1679,1704,1696,812,884
T97c Gein Noordoost,3483,3465,3439,3406,3365,1730,1635
T97d Gein Zuidoost,3386,3361,3348,3351,3396,1624,1772
T98a Dorp Driemond,1458,1449,1440,1457,1438,686,752
T98b Landelijk Gebied Driemond,39,41,39,68,110,57,53
Amsterdam,811185,822272,834713,844952,854316,423292,431024
,,,,,,,bron: OIS
